compression_number,z_value,ms,ax1,ay1,az1,gx1,gy1,gz1,ax2,ay2,az2,gx2,gy2,gz2,ax3,ay3,az3,gx3,gy3,gz3,ax4,ay4,az4,gx4,gy4,gz4
1,85.0,172296,0.632069,0.469264,-11.540052,0.000799,-0.003464,-0.032109,0.248997,-0.234632,-11.33894,-0.011858,0.011191,-0.034507,0.574608,-0.153229,-11.7268,-0.044499,-0.006262,-0.019585,0.162806,0.459687,-11.621455,-0.027046,-0.007061,-0.002931
1,85.0,172365,0.086191,0.354342,-10.994174,0.01692,-0.059688,-0.059954,-0.603339,-0.23942,-10.615891,0.044366,-0.181328,-0.047297,-0.225055,-0.45011,-11.789049,-0.005862,-0.06555,-0.041968,-0.445322,0.430956,-12.172121,-0.045299,-0.042234,-0.03877
1,85.0,172434,0.588974,0.191536,-11.415554,-0.033175,-0.058089,-0.061953,-0.076614,-0.612916,-11.104307,0.072744,-0.172268,-0.062485,0.497994,-0.416591,-11.597513,-0.041435,-0.064217,-0.047963,-0.354342,0.335188,-11.621455,-0.044499,-0.017187,-0.026913
1,85.0,172503,-0.177171,1.120486,-10.572795,0.089531,0.147487,-0.037704,-0.684742,0.205901,-11.425131,0.213037,-0.029178,-0.042234,-0.081403,0.502782,-11.951855,0.044233,-0.03091,-0.031043,-0.517148,0.943315,-11.439496,0.079539,-0.01732,-0.017054
1,85.0,172572,-0.229843,2.145205,-11.27669,-0.030377,0.05196,-0.204643,-1.240196,0.948104,-11.204864,0.131766,-0.007727,-0.215035,-0.656011,0.981623,-11.678916,-0.017187,0.038637,-0.204776,-0.790087,1.23062,-11.425131,-0.03504,0.04783,-0.192519
1,85.0,172641,0.253785,0.052672,-11.444284,-0.024515,-0.016654,-0.102855,0.153229,-0.924162,-11.33894,-0.027046,0.015988,-0.115645,0.861913,-0.3304,-11.219229,-0.068881,0.030776,-0.083003,-0.014365,0.301669,-11.410766,-0.042234,0.045965,-0.048096
1,85.0,172710,0.80924,-0.095768,-11.238382,-0.036905,-0.086734,0.243014,-0.804452,-1.546654,-12.167333,0.097792,0.05689,0.214769,0.162806,-1.268927,-11.865664,0.023715,0.033574,0.233554,-0.052672,-0.627281,-11.070788,0.016787,0.004397,0.24741
1,85.0,172779,0.550666,0.416591,-11.664551,-0.010392,-0.007994,-0.037172,-0.071826,-0.68953,-11.425131,-0.014256,0.01772,-0.048496,0.80924,-0.076614,-12.071565,-0.054492,0.014389,-0.024648,0.311246,0.593762,-11.908759,-0.029577,0.025181,-0.002398
1,85.0,172848,0.565032,0.47884,-11.506534,0.003331,-0.013723,-0.033974,-0.167594,-0.617704,-11.281479,-0.014123,0.014789,-0.042634,0.627281,-0.172383,-11.722012,-0.042634,-0.007328,-0.023049,0.215478,0.526724,-11.707646,-0.020118,-0.011458,-0.007061
1,85.0,172917,0.80924,0.459687,-11.544841,0.002531,-0.000933,-0.032242,-0.014365,-0.708684,-11.305421,-0.010925,0.022516,-0.03917,0.770933,-0.311246,-11.731588,-0.043567,-0.006395,-0.019851,0.354342,0.373495,-11.683704,-0.025447,-0.002265,-0.005063
1,85.0,172986,0.646434,0.430956,-11.549629,0.004397,-0.008394,-0.030776,-0.201113,-0.713472,-11.33894,-0.010126,0.011991,-0.036639,0.56982,-0.301669,-11.745954,-0.040636,-0.011191,-0.018253,0.110133,0.354342,-11.669339,-0.022116,-0.007727,-0.002265
1,85.0,173055,0.56982,0.493206,-11.540052,0.000799,-0.001466,-0.031576,-0.244209,-0.632069,-11.291056,-0.010792,0.015855,-0.037305,0.497994,-0.248997,-11.702858,-0.045698,-0.008527,-0.019452,0.081403,0.411803,-11.592725,-0.02638,-0.005462,-0.004263
1,85.0,173124,0.656011,0.47884,-11.554418,0.002132,-0.006928,-0.032109,-0.148441,-0.68953,-11.291056,-0.009459,0.011724,-0.038371,0.593762,-0.268151,-11.736377,-0.041835,-0.009326,-0.019585,0.138864,0.378284,-11.640609,-0.023982,-0.007194,-0.003997
1,85.0,173193,0.746991,0.445322,-11.554418,0.000133,-0.005596,-0.031709,-0.047884,-0.737414,-11.262324,-0.011991,0.012923,-0.038237,0.699107,-0.287304,-11.688493,-0.045032,-0.007861,-0.019718,0.287304,0.3304,-11.587936,-0.02598,-0.00826,-0.00373
1,85.0,173262,0.608127,0.488417,-11.57836,0.000266,-0.007328,-0.029311,-0.181959,-0.665588,-11.271901,-0.011325,0.011591,-0.035573,0.565032,-0.248997,-11.722012,-0.045299,-0.007328,-0.018386,0.11971,0.397437,-11.645397,-0.027046,-0.008394,-0.002265
1,85.0,173331,0.622492,0.507571,-11.573571,0.000266,-0.004397,-0.033041,-0.177171,-0.651223,-11.305421,-0.011191,0.014123,-0.038637,0.603339,-0.229843,-11.717223,-0.044499,-0.006662,-0.020518,0.167594,0.411803,-11.611878,-0.024648,-0.006662,-0.00453
1,85.0,173400,0.699107,0.464475,-11.587936,0.000533,-0.003997,-0.031975,-0.100556,-0.718261,-11.305421,-0.011858,0.014256,-0.037971,0.651223,-0.287304,-11.702858,-0.044366,-0.005729,-0.019185,0.196325,0.368707,-11.616667,-0.026913,-0.005596,-0.002798
1,85.0,173469,0.703895,0.483629,-11.57836,0.0004,-0.004796,-0.031043,-0.105345,-0.665588,-11.300632,-0.010658,0.011591,-0.037172,0.670376,-0.258574,-11.736377,-0.044366,-0.007194,-0.019052,0.244209,0.387861,-11.640609,-0.02638,-0.006928,-0.003997
1,85.0,173538,0.603339,0.497994,-11.559206,0.000933,-0.004796,-0.031043,-0.186748,-0.665588,-11.300632,-0.011325,0.013856,-0.036905,0.574608,-0.23942,-11.707646,-0.045165,-0.006129,-0.019319,0.143652,0.407014,-11.645397,-0.026513,-0.006129,-0.003331
1,85.0,173607,0.612916,0.47884,-11.573571,0.000799,-0.006528,-0.032908,-0.143652,-0.708684,-11.300632,-0.010525,0.012391,-0.037838,0.59855,-0.282516,-11.702858,-0.044499,-0.007061,-0.020651,0.181959,0.383072,-11.631032,-0.026247,-0.007328,-0.005196
1,85.0,173676,0.670376,0.47884,-11.568783,-0.000266,-0.00453,-0.031176,-0.095768,-0.675165,-11.27669,-0.010925,0.013456,-0.037305,0.651223,-0.258574,-11.741165,-0.044766,-0.006795,-0.020118,0.225055,0.368707,-11.645397,-0.026913,-0.006395,-0.003464
1,85.0,173745,0.656011,0.488417,-11.563994,0.0,-0.006262,-0.031309,-0.11971,-0.665588,-11.314998,-0.011191,0.011458,-0.036905,0.593762,-0.258574,-11.707646,-0.044632,-0.007594,-0.019585,0.196325,0.407014,-11.650186,-0.025847,-0.007461,-0.003864
1,85.0,173814,0.608127,0.464475,-11.583148,0.0,-0.00453,-0.031842,-0.158017,-0.679953,-11.286267,-0.011724,0.013856,-0.036639,0.555455,-0.253785,-11.688493,-0.044766,-0.006129,-0.019985,0.162806,0.373495,-11.640609,-0.026779,-0.005729,-0.003331
1,85.0,173883,0.679953,0.488417,-11.602302,0.001599,-0.004397,-0.031842,-0.114922,-0.679953,-11.300632,-0.011591,0.012391,-0.037038,0.612916,-0.244209,-11.722012,-0.044366,-0.006928,-0.019718,0.201113,0.383072,-11.640609,-0.02638,-0.006795,-0.003464
1,85.0,173952,0.699107,0.47884,-11.563994,0.000666,-0.004397,-0.031842,-0.100556,-0.665588,-11.286267,-0.010392,0.013057,-0.037571,0.622492,-0.263362,-11.69807,-0.044233,-0.006262,-0.019985,0.205901,0.392649,-11.60709,-0.026513,-0.007328,-0.004397
1,85.0,174021,0.636858,0.469264,-11.573571,0.001066,-0.005063,-0.032508,-0.167594,-0.679953,-11.305421,-0.011858,0.011458,-0.036639,0.565032,-0.258574,-11.712435,-0.044499,-0.005729,-0.019718,0.167594,0.383072,-11.63582,-0.025447,-0.006129,-0.004263
1,85.0,174090,0.622492,0.483629,-11.559206,0.000799,-0.00373,-0.031709,-0.143652,-0.670376,-11.314998,-0.012257,0.012257,-0.037438,0.584185,-0.248997,-11.712435,-0.044632,-0.005462,-0.019185,0.162806,0.392649,-11.631032,-0.02638,-0.006262,-0.003464
1,85.0,174159,0.694318,0.469264,-11.583148,0.0,-0.00453,-0.032775,-0.100556,-0.670376,-11.286267,-0.012524,0.012124,-0.037971,0.636858,-0.253785,-11.7268,-0.043167,-0.006129,-0.019319,0.191536,0.387861,-11.654974,-0.02638,-0.006129,-0.003997
1,85.0,174228,0.670376,0.474052,-11.568783,0.0004,-0.005063,-0.031443,-0.129287,-0.679953,-11.286267,-0.011458,0.01359,-0.037704,0.603339,-0.244209,-11.712435,-0.0437,-0.005995,-0.019851,0.196325,0.397437,-11.63582,-0.026513,-0.006129,-0.00373
1,85.0,174297,0.6608,0.493206,-11.573571,0.000266,-0.004796,-0.031709,-0.134075,-0.679953,-11.300632,-0.010525,0.013323,-0.037838,0.579397,-0.244209,-11.707646,-0.044899,-0.005995,-0.019319,0.162806,0.397437,-11.640609,-0.026779,-0.005196,-0.004397
1,85.0,174366,0.651223,0.497994,-11.568783,0.0004,-0.004397,-0.032375,-0.114922,-0.684742,-11.310209,-0.011458,0.012524,-0.036639,0.617704,-0.23942,-11.712435,-0.044632,-0.006662,-0.020384,0.181959,0.383072,-11.611878,-0.025847,-0.006662,-0.003864
1,85.0,174435,0.6608,0.47884,-11.554418,0.000666,-0.00373,-0.030643,-0.138864,-0.699107,-11.291056,-0.012524,0.012124,-0.037571,0.622492,-0.263362,-11.707646,-0.044766,-0.006662,-0.019585,0.186748,0.378284,-11.621455,-0.026247,-0.005862,-0.002531
1,85.0,174504,0.646434,0.45011,-11.626244,-0.02185,-0.037971,-0.025447,-0.033519,-0.507571,-10.601525,0.073144,-0.190387,-0.037704,0.818817,-0.033519,-11.789049,-0.037704,0.040502,-0.025181,0.560243,0.670376,-11.123461,-0.027046,-0.001998,-0.004263
1,84.5,174573,0.885855,0.387861,-11.84651,0.017187,0.048896,-0.03544,-0.469264,-0.905008,-11.334151,-0.015588,0.00866,-0.034773,0.411803,-0.402226,-12.20564,-0.033841,-0.032109,-0.014389,-0.014365,0.248997,-11.554418,-0.07834,0.021317,-0.001732
1,84.5,174642,0.684742,0.42138,-11.731588,-0.012391,0.029977,-0.026779,-0.354342,-0.924162,-11.808203,0.062885,-0.106585,-0.038104,0.632069,-0.373495,-11.918336,-0.02598,0.029711,-0.021184,0.248997,0.248997,-11.554418,-0.038237,-0.007461,-0.0004
1,84.0,174711,0.881066,0.636858,-11.468226,-0.015455,0.007994,-0.021583,-0.263362,-0.799663,-11.377247,-0.004397,0.015322,-0.036772,0.814029,-0.114922,-11.535264,-0.0429,0.007194,-0.024515,0.407014,0.383072,-11.032481,-0.034507,-0.024381,-0.003997
1,84.0,174780,0.785298,0.306458,-12.038046,0.002531,0.035972,-0.03464,-0.641646,-1.11091,-11.57836,0.049695,-0.119242,-0.036772,0.35913,-0.531513,-12.239159,-0.022649,-0.007861,-0.015588,-0.191536,0.215478,-12.200851,-0.076208,0.053825,-0.000133
1,84.0,174849,0.59855,0.627281,-11.7268,0.002398,-0.039037,-0.033308,-0.191536,-0.636858,-11.104307,-0.014922,0.006795,-0.041968,0.837971,0.043096,-11.530476,-0.055691,-0.011191,-0.026113,0.402226,0.497994,-11.314998,-0.022516,-0.018386,-0.005063
1,83.5,174918,0.703895,0.402226,-11.468226,-0.008926,-0.003198,-0.033175,-0.445322,-0.842759,-11.056423,0.015455,-0.047164,-0.037971,0.560243,-0.35913,-11.650186,-0.0429,0.000799,-0.022116,0.148441,0.392649,-11.631032,-0.029977,0.006795,-0.005729
1,83.5,174987,0.454898,0.229843,-11.93749,0.030377,-0.016654,-0.049962,-0.641646,-0.933739,-10.874464,-0.005862,-0.066749,-0.037571,0.181959,-0.42138,-11.836933,-0.07008,-0.062885,-0.014922,-0.186748,0.402226,-12.325351,-0.049296,0.093795,-0.006395
1,83.0,175056,0.766145,0.59855,-11.563994,-0.007594,0.031576,-0.037172,-0.641646,-0.957681,-11.03727,0.053559,-0.129767,-0.040103,0.349553,-0.325611,-11.932701,-0.024781,-0.02558,-0.025447,-0.148441,0.186748,-11.702858,-0.055025,-0.035706,-0.005462
1,83.0,175125,0.727837,0.488417,-12.200851,0.028245,0.04783,-0.049695,-0.507571,-0.895431,-10.481815,-0.000266,-0.101522,-0.054092,0.282516,-0.35913,-11.961432,-0.075942,-0.101655,-0.018119,-0.124498,0.306458,-12.339716,-0.052893,0.045432,-0.006928
1,82.5,175194,0.790087,0.411803,-11.525687,-0.017453,0.004663,-0.032775,-0.42138,-0.885855,-10.965444,0.00826,-0.031842,-0.037038,0.746991,-0.311246,-11.434708,-0.047564,-0.019452,-0.018786,0.225055,0.402226,-11.674128,-0.03877,-0.018519,-0.000533
1,82.5,175263,0.919373,0.952892,-10.922348,-0.031576,0.038237,-0.00453,-0.790087,-0.909797,-12.445061,0.041701,-0.024781,-0.039303,0.967257,0.033519,-12.20564,-0.028112,0.029844,-0.022116,0.699107,0.493206,-11.176133,0.022116,-0.153083,0.000933
1,82.0,175332,0.636858,0.469264,-11.377247,-0.021983,-0.019851,-0.029844,-0.80924,-0.991199,-10.994174,0.027179,-0.047564,-0.042634,0.617704,-0.225055,-11.645397,-0.048096,0.023182,-0.022516,0.220267,0.42138,-11.353305,-0.046897,-0.000933,-0.00413
1,82.0,175401,0.507571,0.699107,-11.707646,-0.006395,-0.016787,-0.020651,-0.387861,-0.885855,-12.224793,0.002132,0.00826,-0.033175,1.307234,0.086191,-11.482592,-0.031443,0.014922,-0.020917,0.785298,0.622492,-11.707646,0.022383,-0.105253,0.002798
1,81.5,175470,0.550666,0.545878,-11.314998,-0.014389,-0.012391,-0.029711,-0.972046,-1.101333,-11.243171,-0.000266,0.006795,-0.041835,0.608127,-0.253785,-11.81778,-0.046231,0.014655,-0.022516,0.124498,0.397437,-11.463438,-0.017587,-0.009726,-0.005329
1,81.5,175539,0.497994,0.861913,-11.841722,-0.005729,-0.046364,-0.022916,-0.387861,-0.656011,-11.750742,-0.002531,0.005995,-0.028511,1.120486,0.11971,-11.267113,-0.037571,0.036639,-0.023049,0.59855,0.833182,-12.373235,0.005596,-0.01732,-0.003597
1,81.0,175608,0.603339,0.603339,-11.209652,-0.006795,-0.004796,-0.029711,-0.933739,-1.077391,-11.200075,-0.012257,0.016654,-0.045299,0.699107,-0.306458,-11.84651,-0.05236,-0.013456,-0.021184,0.248997,0.325611,-11.683704,-0.00493,-0.014123,-0.004796
1,81.0,175677,0.301669,0.914585,-12.272678,0.007861,-0.020251,-0.034107,-0.833182,-0.550666,-11.233594,0.024381,-0.031709,-0.018652,0.622492,0.124498,-11.209652,-0.0441,0.019585,-0.019985,0.253785,0.861913,-12.636597,-0.019052,0.024515,-0.00453
1,80.5,175746,0.536301,0.536301,-11.147403,-0.010259,-0.009992,-0.032375,-0.890643,-1.278504,-11.133038,-0.021184,0.015322,-0.05609,0.890643,-0.354342,-11.616667,-0.07008,-0.041701,-0.020917,0.411803,0.306458,-11.492168,0.001998,-0.012124,-0.005862
1,80.5,175815,0.397437,-0.23942,-12.469003,-0.033974,-0.122972,-0.044766,-0.775721,-1.154005,-10.740389,0.028778,-0.055957,-0.023582,0.727837,-0.373495,-11.022904,-0.068214,0.011724,-0.002665,0.177171,0.493206,-12.339716,-0.003597,0.131499,0.00906
1,80.0,175884,0.47884,0.665588,-11.271901,0.008127,0.003997,-0.030776,-1.106121,-1.106121,-11.171345,-0.010392,0.016521,-0.0429,0.665588,-0.272939,-11.84651,-0.050228,-0.020384,-0.017453,0.292093,0.426168,-11.865664,0.007461,-0.028245,-0.005063
1,80.0,175953,0.881066,-0.02873,-11.645397,-0.067415,-0.059554,-0.046631,-1.240196,-1.82917,-10.390836,0.054758,-0.116311,-0.062086,0.483629,-0.766145,-11.884817,-0.075542,-0.055557,-0.012257,-0.11971,0.023942,-11.319786,-0.064617,0.106052,0.003597
1,79.5,176022,0.622492,0.622492,-11.496957,0.008127,0.029577,-0.025447,-1.163582,-1.211466,-11.224017,-0.007861,0.026113,-0.036772,0.588974,-0.258574,-11.985373,-0.033175,-0.015055,-0.014655,0.196325,0.483629,-12.066776,-0.014922,-0.053426,-0.004397
1,79.5,176091,0.775721,0.469264,-11.669339,-0.078207,0.001066,-0.05609,-1.206678,-1.130063,-10.477027,0.086334,-0.125904,-0.05649,0.287304,-0.59855,-11.382035,-0.052626,-0.046897,-0.016387,-0.368707,0.339977,-12.497733,-0.037571,0.10059,-0.003597
1,79.0,176160,0.483629,0.770933,-11.343728,-0.006262,0.021983,-0.027845,-1.177947,-1.436521,-11.21444,-0.014522,0.026247,-0.054758,0.981623,-0.335188,-11.525687,-0.066216,-0.01772,-0.021583,0.636858,0.301669,-11.18571,-0.012257,0.006662,-0.003464
1,79.0,176229,0.502782,0.402226,-11.137826,-0.029577,-0.000266,-0.03544,-1.412579,-2.063802,-11.147403,0.124571,-0.125637,-0.066882,0.646434,-0.617704,-12.445061,-0.024515,-0.032642,-0.017187,0.100556,0.081403,-12.033257,-0.041035,0.001332,0.008527
1,78.5,176298,0.373495,0.679953,-11.243171,-0.006528,0.021983,-0.033574,-1.35033,-1.465251,-11.109096,-0.007328,0.013989,-0.046498,0.6608,-0.454898,-11.851298,-0.050228,-0.019585,-0.019185,0.383072,0.292093,-11.688493,-0.012391,-0.005729,-0.006795
1,78.5,176367,0.158017,0.804452,-11.444284,-0.029844,-0.036772,-0.032508,-1.541866,-1.431733,-11.405977,0.123505,-0.09979,-0.042368,0.593762,-0.114922,-11.932701,-0.017587,0.07381,-0.02638,0.296881,0.454898,-11.745954,-0.021717,-0.027579,0.002398
1,78.0,176436,0.502782,0.656011,-12.129025,0.00826,-0.04783,-0.031576,-1.398214,-1.489193,-11.066,-0.000799,0.013989,-0.033041,0.565032,-0.253785,-11.87524,-0.02638,0.031842,-0.017187,0.234632,0.416591,-11.793838,-0.04783,0.013456,-0.000933
1,78.0,176505,0.067038,0.909797,-11.736377,-0.010925,-0.061553,-0.03091,-1.56102,-1.383849,-11.319786,0.136429,-0.100723,-0.039703,0.584185,0.02873,-11.81778,-0.008793,0.090997,-0.024115,0.354342,0.560243,-11.760319,-0.021717,0.003597,0.002132
1,77.5,176574,0.512359,0.636858,-11.908759,0.005995,-0.04823,-0.031176,-1.35033,-1.527501,-10.979809,0.003597,0.009593,-0.036772,0.665588,-0.21069,-11.798626,-0.026779,0.029977,-0.018652,0.3304,0.512359,-11.559206,-0.040636,-0.000533,-0.000933
1,77.5,176643,0.301669,0.397437,-11.334151,-0.078606,-0.038237,-0.054891,-1.364695,-1.699883,-10.625467,0.132698,-0.123106,-0.062885,0.555455,-0.560243,-11.51611,-0.034507,0.018386,-0.023182,-0.033519,0.316035,-11.611878,-0.024914,0.040636,0.0
1,77.0,176712,0.536301,0.746991,-11.477803,-0.016654,0.012124,-0.027845,-1.321599,-1.723825,-10.898406,-0.015188,0.021317,-0.056757,1.039083,-0.368707,-11.51611,-0.06555,-0.025714,-0.02185,0.608127,0.35913,-11.439496,-0.014123,-0.026913,-0.005196
1,77.0,176781,0.454898,0.488417,-11.142614,-0.062885,-0.00826,-0.0429,-1.450886,-2.001553,-10.783484,0.120041,-0.108983,-0.071279,0.785298,-0.521936,-11.722012,-0.040769,-0.002931,-0.022116,0.258574,0.263362,-11.439496,-0.025181,0.021583,0.003597
1,76.5,176850,0.612916,0.919373,-11.69807,-0.001066,0.009593,-0.023182,-1.374272,-1.623269,-10.845734,-0.012524,0.020651,-0.050761,0.943315,-0.335188,-11.626244,-0.057956,-0.039969,-0.018786,0.627281,0.373495,-11.836933,-0.025047,-0.044632,-0.002798
1,76.5,176919,0.392649,0.574608,-11.085154,-0.061686,-0.008793,-0.03504,-1.570596,-2.284068,-11.03727,0.113779,-0.106185,-0.06928,0.948104,-0.651223,-11.913548,-0.047297,-0.001732,-0.017853,0.47884,0.076614,-11.650186,-0.045698,0.012524,0.009593
1,76.0,176988,0.282516,0.814029,-11.745954,-0.000933,-0.001332,-0.043567,-1.580173,-1.762132,-10.749966,-0.005729,0.008127,-0.0441,0.727837,-0.215478,-11.664551,-0.037172,-0.003064,-0.022783,0.153229,0.550666,-11.674128,-0.029311,-0.012257,-0.005329
1,76.0,177057,0.6608,1.268927,-11.238382,-0.053426,0.029977,-0.02598,-1.604115,-1.853112,-11.104307,0.106452,-0.109783,-0.066482,0.909797,-0.320823,-12.23437,-0.041302,-0.019585,-0.026779,0.474052,0.292093,-11.439496,-0.069413,-0.039969,-0.000266
1,76.0,177126,0.110133,0.555455,-11.750742,0.003464,-0.019985,-0.042501,-1.896208,-2.27928,-10.893618,0.002265,-0.00493,-0.047564,0.761356,-0.47884,-11.60709,-0.029044,0.043567,-0.015988,0.105345,0.316035,-11.425131,-0.02598,0.071812,0.001066
1,75.5,177195,0.402226,0.933739,-11.549629,0.002798,0.0004,-0.030377,-1.757344,-1.886631,-10.884041,-0.009859,0.013323,-0.044766,0.751779,-0.268151,-11.798626,-0.045299,-0.011991,-0.018519,0.316035,0.483629,-11.688493,-0.02558,-0.008394,-0.002665
1,75.5,177264,0.972046,1.053449,-11.851298,-0.058622,-0.003997,-0.028511,-1.532289,-2.078167,-11.051635,0.08207,-0.115778,-0.068348,1.35033,-0.320823,-11.999739,-0.056757,-0.043567,-0.019718,0.804452,0.392649,-11.611878,-0.086867,0.030776,0.001466
1,75.0,177333,0.373495,0.68953,-11.324574,-0.042234,0.00453,-0.039836,-1.814805,-2.173935,-10.553641,0.066749,-0.080072,-0.051161,0.646434,-0.54109,-11.865664,-0.034773,-0.005063,-0.014123,0.110133,0.258574,-12.11466,-0.03544,-0.005995,0.005596
1,75.0,177402,-0.071826,0.617704,-11.089942,-0.04783,-0.047697,-0.060354,-1.699883,-2.39899,-10.654198,-0.016521,0.00826,-0.067015,0.866701,-0.837971,-11.669339,-0.059421,-0.040502,-0.017853,0.311246,0.311246,-11.975797,0.005063,-0.031709,0.004263
1,74.5,177471,0.363919,1.015141,-11.425131,-0.026113,0.006129,-0.033708,-1.814805,-1.900996,-10.711658,0.055424,-0.06515,-0.048763,0.804452,-0.23942,-11.75553,-0.037038,0.018386,-0.023049,0.459687,0.536301,-11.678916,-0.024648,-0.020251,-0.002132
1,74.5,177540,-0.014365,0.837971,-11.870452,-0.024648,-0.029444,-0.066216,-1.934515,-2.154782,-10.462662,0.029577,-0.036372,-0.050228,0.56982,-0.679953,-11.219229,-0.025847,0.015855,-0.021317,-0.110133,0.397437,-12.119449,-0.021583,-0.025314,0.0004
1,74.0,177609,0.435745,1.039083,-11.525687,-0.021051,0.011458,-0.034374,-1.94888,-1.987187,-10.807426,0.03957,-0.043167,-0.047031,0.804452,-0.248997,-11.654974,-0.037305,0.012391,-0.019718,0.411803,0.565032,-11.741165,-0.023449,-0.009326,-0.002398
1,73.5,177678,0.019154,1.101333,-11.880029,-0.027979,0.002931,-0.060354,-2.217031,-2.178724,-10.46745,0.055691,-0.059421,-0.045965,0.435745,-0.632069,-11.262324,-0.020384,0.028112,-0.024381,-0.172383,0.306458,-11.96622,-0.039037,-0.045299,-0.004263
1,73.5,177747,0.507571,0.981623,-11.405977,-0.011591,0.015055,-0.031975,-2.15957,-2.202666,-10.500969,0.037038,-0.037838,-0.048096,0.679953,-0.387861,-11.784261,-0.031443,0.014256,-0.018253,0.158017,0.411803,-11.559206,-0.057423,0.011191,-0.003198
1,73.5,177816,0.713472,1.130063,-11.693281,-0.039836,0.017187,-0.047031,-2.264915,-2.274492,-10.141838,0.084069,-0.103521,-0.059554,0.59855,-0.502782,-11.171345,-0.031043,0.005196,-0.020651,-0.454898,0.248997,-11.621455,-0.095394,0.016654,-0.006262
1,73.0,177885,0.56982,0.828394,-11.362882,-0.010925,0.002665,-0.031975,-2.078167,-2.288857,-10.400413,0.023715,-0.026779,-0.04783,0.775721,-0.42138,-11.736377,-0.036372,0.009459,-0.016787,0.167594,0.531513,-11.60709,-0.045832,0.003198,-0.002398
1,73.0,177954,0.656011,1.221043,-11.439496,-0.036639,0.007861,-0.025181,-2.063802,-2.274492,-10.357317,0.079406,-0.120708,-0.068348,1.307234,-0.129287,-11.803414,-0.054492,0.012257,-0.026779,0.488417,0.588974,-11.453861,-0.074609,0.005063,-0.007328
1,72.5,178023,0.622492,0.933739,-11.209652,-0.01732,-0.020384,-0.032642,-2.102109,-2.528277,-10.668563,-0.022383,0.019851,-0.059954,1.101333,-0.474052,-11.956643,-0.048763,-0.018253,-0.018119,0.354342,0.397437,-11.621455,-0.025447,-0.004796,-0.002132
1,72.5,178092,0.430956,1.364695,-11.492168,-0.030643,0.020251,-0.02225,-2.13084,-2.092532,-10.443508,0.086201,-0.121507,-0.061153,1.235408,0.071826,-11.932701,-0.0437,0.048763,-0.028911,0.751779,1.053449,-11.841722,-0.027446,-0.030776,-0.007594
1,72.0,178161,0.507571,1.11091,-11.535264,0.004663,-0.00373,-0.034374,-2.126051,-2.39899,-10.606314,-0.016521,0.017054,-0.054092,1.005565,-0.483629,-11.678916,-0.0437,-0.018119,-0.01692,0.368707,0.497994,-11.7268,-0.005995,-0.026247,-0.005596
1,72.0,178230,0.167594,1.503559,-11.161768,-0.038371,0.025047,-0.020518,-2.284068,-1.996764,-10.79785,0.11298,-0.141092,-0.054625,0.80924,0.02873,-11.923124,-0.017986,0.09979,-0.027046,0.986411,1.082179,-11.707646,-0.019585,-0.092462,-0.010525
1,71.5,178299,0.545878,1.23062,-11.525687,-0.001998,0.005329,-0.033974,-2.27928,-2.480393,-10.46745,-0.010658,0.010658,-0.052626,0.962469,-0.459687,-11.563994,-0.037838,0.000799,-0.018919,0.21069,0.493206,-11.439496,-0.035173,0.004796,-0.00373
1,71.5,178368,0.306458,0.962469,-10.907983,-0.098191,-0.01692,-0.055158,-2.691083,-3.232172,-10.663774,0.103787,-0.122573,-0.080472,1.005565,-1.010353,-11.573571,-0.021983,0.012257,-0.018786,-0.148441,-0.095768,-11.51611,-0.090997,-0.005995,0.002665
1,71.0,178437,0.153229,1.04866,-11.722012,0.025714,0.030377,-0.034107,-2.427721,-2.384625,-10.204087,0.001865,-0.001332,-0.042634,0.593762,-0.344765,-11.650186,-0.03464,0.00413,-0.018386,0.162806,0.823605,-11.769896,0.012124,-0.0429,-0.005596
1,71.0,178506,1.043872,1.972822,-11.654974,-0.043966,0.041968,-0.009726,-2.552219,-2.317587,-11.559206,0.115778,-0.154681,-0.058755,1.441309,0.612916,-13.101071,-0.028378,0.059954,-0.025181,0.699107,0.703895,-12.133814,-0.127103,-0.064884,-0.005596
1,70.5,178575,0.656011,1.321599,-11.353305,-0.008527,-0.003864,-0.038237,-2.523489,-2.628834,-10.500969,0.005196,-0.005862,-0.053959,0.957681,-0.59855,-11.358093,-0.026646,0.023848,-0.017054,0.110133,0.416591,-11.147403,-0.039836,0.01772,-0.003331
1,70.5,178644,0.416591,1.312023,-11.980585,-0.042368,0.053692,-0.024781,-2.619257,-2.226608,-10.697293,0.128835,-0.149619,-0.03917,0.866701,-0.105345,-11.415554,-0.026779,0.109116,-0.020251,0.469264,1.158794,-11.750742,-0.044366,-0.055957,-0.009726
1,70.0,178713,0.919373,1.474828,-11.358093,-0.014522,-0.005462,-0.031043,-2.585738,-2.72939,-10.769119,-0.005596,0.0,-0.05649,1.206678,-0.335188,-11.84651,-0.038371,0.02145,-0.018253,-0.052672,0.517148,-11.099519,-0.049429,0.05609,-0.003331
1,70.0,178782,0.181959,0.823605,-11.63582,-0.067415,-0.022649,-0.038504,-2.571373,-2.796427,-9.993398,0.103121,-0.102322,-0.070346,1.04866,-1.000776,-11.003751,-0.029044,0.064884,-0.011058,0.363919,0.679953,-11.559206,-0.075276,0.030243,0.001066
1,69.5,178851,0.651223,1.450886,-11.525687,-0.001199,-0.016787,-0.018652,-2.351106,-2.643199,-10.448297,-0.041435,0.035573,-0.063951,1.632846,-0.124498,-12.100295,-0.067015,-0.020118,-0.020118,0.833182,0.881066,-11.899182,-0.013456,-0.036106,-0.001199
1,69.5,178920,0.909797,1.628057,-11.377247,-0.049962,0.00906,-0.032375,-2.681506,-2.25055,-10.055647,0.120041,-0.139493,-0.061953,0.78051,0.038307,-12.004527,-0.035306,0.050761,-0.025047,0.100556,0.909797,-11.281479,-0.112714,-0.013856,-0.009859
1,69.5,178989,0.847547,1.604115,-10.716447,-0.044499,-0.003864,-0.036106,-2.561796,-2.906561,-10.405201,-0.024648,0.011058,-0.081271,1.570596,-0.493206,-11.908759,-0.063551,-0.031176,-0.028645,0.59855,0.502782,-10.931925,-0.03957,0.028911,-0.009593
1,69.0,179058,0.799663,1.608904,-12.023681,-0.03091,0.000666,-0.025447,-2.643199,-2.331953,-10.390836,0.068214,-0.066882,-0.05196,1.11091,-0.258574,-11.568783,-0.041302,0.042368,-0.018786,0.545878,1.039083,-11.640609,-0.06928,-0.011858,-0.008127
1,69.0,179127,1.197101,1.891419,-12.215217,0.011591,-0.03424,-0.018253,-3.069367,-2.681506,-10.874464,-0.007994,-0.004796,-0.053559,1.388637,-0.047884,-12.152967,-0.046897,-0.020251,-0.019718,0.158017,0.766145,-12.057199,-0.048896,-0.006262,-0.00826
1,68.5,179196,0.502782,1.312023,-11.109096,-0.044766,-0.011591,-0.03957,-2.782062,-2.8491,-10.103531,0.043433,-0.048096,-0.070613,1.134852,-0.622492,-11.659762,-0.03544,0.006262,-0.01772,0.158017,0.627281,-11.540052,-0.048096,0.005596,-0.001998
1,68.5,179265,0.512359,1.517924,-11.832145,0.026913,-0.002132,-0.018519,-2.911349,-2.595315,-10.342952,-0.008127,-0.006662,-0.049695,1.149217,0.009577,-12.531252,-0.060887,-0.003864,-0.018386,0.651223,1.144428,-12.009315,0.008926,-0.01692,-0.007194
1,68.0,179334,0.756568,1.671153,-11.3964,-0.031576,-0.008793,-0.034107,-2.786851,-2.590526,-10.13705,0.028911,-0.039703,-0.057156,1.101333,-0.229843,-11.707646,-0.036639,0.005462,-0.019718,0.067038,0.866701,-11.549629,-0.070213,-0.013856,-0.005196
1,68.0,179403,0.105345,1.393425,-11.27669,-0.005862,0.00453,-0.029711,-2.992752,-3.011906,-10.223241,0.011191,-0.017986,-0.051028,1.177947,-0.416591,-12.196063,-0.054891,0.011858,-0.01732,0.617704,0.957681,-11.750742,0.008394,-0.020651,-0.001998
1,67.5,179472,0.670376,1.623269,-11.405977,-0.020384,-0.00373,-0.032242,-2.815581,-2.724602,-10.070012,0.024381,-0.028245,-0.055158,1.177947,-0.296881,-11.645397,-0.037971,0.012257,-0.019319,0.21069,0.866701,-11.425131,-0.055291,-0.003464,-0.00413
1,67.5,179541,0.220267,1.527501,-11.128249,-0.049562,-0.010259,-0.045299,-3.236961,-3.275268,-10.34774,0.043833,-0.059421,-0.052093,1.225831,-0.703895,-11.583148,-0.028378,0.035173,-0.014922,0.158017,0.656011,-11.621455,-0.054625,-0.021317,0.0004
1,67.0,179610,0.464475,1.474828,-11.33894,-0.019319,-0.004263,-0.033574,-3.078943,-3.021482,-10.146626,0.027845,-0.032908,-0.055957,1.268927,-0.474052,-11.640609,-0.039037,0.023715,-0.01692,0.344765,0.794875,-11.559206,-0.034374,0.002931,-0.000933
1,66.5,179679,0.335188,1.537078,-11.075577,-0.053559,-0.010525,-0.0429,-3.375824,-3.615245,-10.644621,0.041968,-0.061286,-0.061819,1.412579,-0.790087,-11.808203,-0.022383,0.023449,-0.013057,0.057461,0.545878,-11.789049,-0.068081,0.000933,0.001332
1,66.5,179748,0.445322,1.556231,-11.51611,0.010925,-0.00453,-0.031975,-3.141193,-2.853889,-9.979033,0.007461,-0.006395,-0.050894,1.058237,-0.483629,-11.688493,-0.034773,-0.001199,-0.016654,0.287304,0.852336,-11.717223,-0.018253,-0.023449,-0.005862
1,66.5,179817,0.646434,1.723825,-11.429919,-0.063018,-0.027979,-0.041435,-3.256114,-3.562572,-10.505757,0.0433,-0.075409,-0.073144,1.929727,-0.397437,-11.750742,-0.047031,0.029044,-0.025181,0.263362,0.636858,-11.942278,-0.049828,-0.002132,0.001332
1,66.0,179886,0.565032,1.699883,-11.257536,-0.007727,-0.002798,-0.033841,-3.1795,-3.145981,-10.146626,-0.016387,0.014655,-0.055957,1.278504,-0.47884,-11.971008,-0.042501,-0.02558,-0.017853,0.191536,0.775721,-11.544841,-0.021184,-0.002398,-0.00453
1,66.0,179955,0.287304,1.82917,-11.161768,-0.042767,-0.007727,-0.040103,-3.122039,-2.935291,-9.849746,0.078873,-0.121507,-0.065417,1.508347,-0.23942,-12.152967,-0.053426,0.029444,-0.030377,0.756568,1.058237,-11.559206,-0.011458,-0.034374,-0.009326
1,65.5,180024,0.603339,1.810017,-11.51611,-0.002265,-0.006262,-0.033841,-3.184288,-3.08852,-10.012551,-0.016654,0.011058,-0.054092,1.446098,-0.474052,-11.554418,-0.044499,-0.009859,-0.021717,0.196325,0.924162,-11.568783,-0.032775,-0.004397,-0.005329
1,65.5,180093,0.162806,1.742979,-10.879252,-0.032908,0.007727,-0.036106,-3.313575,-3.016694,-10.002975,0.098991,-0.132565,-0.05236,1.493982,-0.244209,-12.109872,-0.049429,0.054891,-0.029311,0.962469,1.11091,-11.33894,-0.009459,-0.029044,-0.011458
1,65.0,180162,0.411803,1.881842,-11.60709,-0.003331,-0.010525,-0.035306,-3.29921,-3.102885,-9.873688,-0.019185,0.013723,-0.052227,1.513135,-0.464475,-11.506534,-0.049962,-0.00453,-0.024115,0.306458,1.01993,-11.678916,-0.029178,-0.014922,-0.006129
1,65.0,180231,0.067038,1.374272,-10.931925,-0.064484,-0.000666,-0.05649,-3.414132,-3.093309,-9.433155,0.104054,-0.118842,-0.054625,0.804452,-0.919373,-11.013328,-0.010259,0.084868,-0.025314,0.124498,0.938527,-10.783484,-0.034773,0.031709,-0.007328
1,64.5,180300,0.344765,1.70946,-11.808203,0.015455,-0.013989,-0.03544,-3.476381,-3.131616,-9.715671,-0.013323,0.012257,-0.051161,1.326388,-0.536301,-11.36767,-0.051294,0.005063,-0.023182,0.172383,1.063026,-11.999739,-0.007861,-0.040502,-0.007328
1,64.5,180369,0.967257,2.284068,-11.238382,-0.094328,-0.01279,-0.042234,-3.835511,-3.371036,-10.352529,0.077008,-0.100456,-0.073011,1.086968,-0.737414,-11.520899,-0.012657,0.049962,-0.021051,-0.402226,0.493206,-11.319786,-0.157879,0.07421,-0.002132
1,64.0,180438,0.502782,1.752556,-11.36767,0.010259,-0.00826,-0.035173,-3.409343,-3.280056,-9.696517,-0.012524,0.015188,-0.061286,1.431733,-0.593762,-11.286267,-0.049029,0.009992,-0.02225,0.215478,0.933739,-11.525687,-0.010126,-0.002398,-0.005196
1,64.0,180507,0.962469,2.552219,-11.722012,-0.07381,-0.035972,-0.036772,-4.103662,-3.342306,-10.443508,0.087933,-0.109649,-0.053959,1.307234,-0.42138,-11.60709,-0.023182,0.062219,-0.028911,-0.201113,0.895431,-11.707646,-0.150018,0.015322,-0.005995
1,63.5,180576,0.363919,1.853112,-11.305421,0.019185,-0.007994,-0.035706,-3.667917,-3.409343,-9.725247,-0.011724,0.010126,-0.06102,1.412579,-0.641646,-11.324574,-0.044766,0.007461,-0.023182,0.225055,0.828394,-11.482592,-0.013723,-0.011458,-0.007194
1,63.5,180645,0.866701,2.164358,-11.238382,-0.096459,-0.040502,-0.05689,-3.835511,-3.5099,-10.002975,0.103254,-0.144023,-0.070213,1.513135,-0.512359,-11.415554,-0.025314,0.061553,-0.033974,0.014365,0.881066,-10.984597,-0.114446,0.040769,-0.008926
1,63.0,180714,0.459687,1.886631,-11.257536,0.010658,-0.007994,-0.036505,-3.739743,-3.466804,-9.68694,-0.00866,0.007061,-0.06142,1.369483,-0.785298,-11.568783,-0.041435,-0.000799,-0.024381,0.177171,0.718261,-11.348516,-0.020651,0.010259,-0.007994
1,63.0,180783,0.823605,1.972822,-10.998962,-0.098991,-0.036505,-0.057689,-3.29921,-3.160346,-9.524135,0.124438,-0.139893,-0.077807,1.527501,-0.493206,-11.506534,-0.025047,0.060354,-0.035173,0.21069,1.029507,-10.97502,-0.108317,0.050761,-0.010658
1,62.5,180852,0.574608,1.843535,-11.310209,0.015988,-0.004397,-0.034507,-3.596091,-3.591303,-9.677363,-0.007727,0.012391,-0.059821,1.594538,-0.727837,-11.511322,-0.037305,0.004796,-0.020384,0.234632,0.828394,-11.405977,-0.023715,0.01732,-0.003997
1,62.5,180921,0.440533,1.963245,-11.252748,-0.07008,-0.031842,-0.051161,-3.490746,-3.332729,-9.457097,0.09979,-0.096726,-0.066482,1.359907,-0.6608,-11.702858,-0.029577,0.049162,-0.028511,0.11971,0.885855,-11.439496,-0.079273,0.029844,-0.010525
1,62.0,180990,0.612916,2.025495,-11.401189,0.015721,-0.007328,-0.032642,-3.667917,-3.552995,-9.797073,-0.014389,0.014522,-0.058355,1.73819,-0.565032,-11.45865,-0.040369,0.007861,-0.020384,0.177171,0.986411,-11.645397,-0.041701,0.009593,-0.004796
1,62.0,181059,0.397437,1.94888,-11.195287,-0.060487,-0.023982,-0.045698,-3.5099,-3.227384,-9.32781,0.079539,-0.061819,-0.058222,1.206678,-0.507571,-11.745954,-0.031709,0.046631,-0.024648,0.158017,1.091756,-11.267113,-0.076075,0.021717,-0.008127
1,61.5,181128,0.766145,2.255338,-11.3964,0.013989,-0.004663,-0.029178,-3.610456,-3.476381,-9.830592,-0.019185,0.011724,-0.058489,1.924938,-0.507571,-11.530476,-0.040103,0.005995,-0.026247,0.349553,1.010353,-11.60709,-0.059821,0.022116,-0.007727
1,61.5,181197,0.3304,2.035071,-11.200075,-0.057556,-0.012124,-0.043034,-3.907337,-3.648763,-9.935937,0.052493,-0.017986,-0.056357,1.570596,-0.579397,-11.750742,-0.035306,0.050495,-0.023715,0.258574,1.000776,-11.382035,-0.037571,0.018786,-0.005729
1,61.5,181266,0.196325,2.164358,-11.319786,0.021317,-0.00453,-0.032908,-3.543418,-3.495534,-9.801862,-0.019452,0.007594,-0.055691,2.169147,-0.383072,-11.530476,-0.051294,0.007461,-0.023982,0.90022,1.302446,-11.702858,-0.026646,-0.011191,-0.002798
1,61.0,181335,0.253785,2.015918,-11.386824,-0.038904,-0.019718,-0.03424,-3.768473,-3.409343,-9.706094,0.043966,0.001732,-0.055025,1.685518,-0.440533,-11.602302,-0.035173,0.059288,-0.022383,0.512359,1.244985,-11.69807,-0.07341,0.019718,-0.002665
1,61.0,181404,0.565032,2.480393,-11.803414,0.002132,-0.025181,-0.020784,-3.663129,-3.260903,-9.92636,-0.000133,0.013057,-0.05156,1.872266,-0.435745,-11.769896,-0.045698,-0.018386,-0.021983,0.833182,1.197101,-11.702858,-0.009726,-0.035173,-0.014922
1,60.5,181473,0.368707,1.991976,-11.104307,-0.040369,-0.021051,-0.036505,-3.581726,-3.524265,-9.500193,0.022516,0.009992,-0.055691,1.661576,-0.59855,-11.525687,-0.038371,0.034374,-0.018386,0.301669,1.072602,-11.554418,-0.054492,0.015588,0.000799
1,60.5,181542,0.086191,2.303222,-11.851298,0.028112,-0.017853,-0.031176,-3.859453,-3.734955,-9.959879,-0.00906,-0.000266,-0.050894,2.15957,-0.244209,-12.215217,-0.059554,-0.016654,-0.023582,0.713472,1.422156,-12.330139,-0.022516,-0.050761,-0.009193
1,60.0,181611,0.215478,2.212242,-11.453861,0.053159,0.003064,-0.03011,-3.825934,-3.62961,-9.701305,-0.046631,0.020384,-0.055957,1.695095,-0.502782,-11.779472,-0.048363,-0.042767,-0.019319,0.248997,1.249773,-11.798626,0.002531,-0.028511,-0.007328
1,60.0,181680,0.713472,2.475605,-11.616667,0.133631,0.028911,-0.01319,-3.811569,-3.270479,-9.509769,-0.150551,0.078207,-0.033441,1.407791,-0.383072,-11.463438,-0.070346,-0.09979,-0.027579,-0.004788,1.144428,-11.425131,0.019052,-0.025047,-0.019319
1,60.0,181749,0.3304,1.848324,-10.869676,0.104587,0.028511,-0.025847,-3.562572,-3.313575,-9.083601,-0.138161,0.127502,-0.05276,1.412579,-0.761356,-11.319786,-0.041968,-0.077008,-0.016521,-0.047884,1.091756,-11.190498,0.024515,0.002132,-0.011058
1,60.0,181818,0.292093,1.824382,-11.401189,0.116977,0.031576,-0.020384,-3.581726,-3.490746,-9.868899,-0.159744,0.174,-0.037571,1.786075,-0.565032,-11.45865,-0.061953,-0.075942,-0.015455,0.426168,0.952892,-11.468226,0.087266,-0.048096,-0.005196
1,60.0,181887,0.292093,1.651999,-11.238382,0.116311,0.020651,-0.011325,-3.442862,-3.557784,-10.022128,-0.182926,0.208507,-0.0437,1.704672,-0.560243,-11.736377,-0.079406,-0.094861,-0.00826,0.574608,0.852336,-11.827356,0.072345,-0.025314,0.002398
1,60.0,181956,0.191536,1.49877,-11.425131,0.111781,0.013323,-0.015721,-3.251326,-3.213019,-9.821015,-0.16987,0.212371,-0.040769,1.666364,-0.474052,-11.587936,-0.076075,-0.072211,-0.010259,0.47884,1.101333,-11.870452,0.058888,-0.011591,-0.001732
1,60.0,182025,0.296881,1.637634,-11.597513,0.109649,0.021051,-0.015855,-3.260903,-3.074155,-10.132261,-0.176132,0.211571,-0.031309,1.556231,-0.301669,-11.803414,-0.079139,-0.091663,-0.014123,0.45011,1.063026,-11.975797,0.066482,-0.040636,-0.007328
1,60.0,182094,0.387861,1.666364,-11.45865,0.105786,0.015455,-0.014389,-3.184288,-2.944868,-10.204087,-0.169337,0.208374,-0.036772,1.331176,-0.344765,-11.856087,-0.06968,-0.090864,-0.012124,0.426168,0.881066,-11.894394,0.045965,-0.025314,-0.005596
1,60.0,182163,0.646434,1.656788,-11.573571,0.094461,0.024515,-0.011458,-2.906561,-2.547431,-10.084377,-0.140692,0.185591,-0.034374,1.307234,-0.287304,-11.75553,-0.06062,-0.072478,-0.014123,0.35913,0.943315,-11.683704,-0.012124,0.012124,-0.006395
1,60.0,182232,0.368707,1.537078,-11.314998,0.071412,0.014389,-0.027446,-2.992752,-2.916138,-10.338163,-0.146688,0.185724,-0.032908,1.321599,-0.588974,-11.45865,-0.061153,-0.064351,-0.015188,0.225055,0.608127,-11.51611,0.049962,-0.023449,-0.002132
1,85.0,182301,0.234632,1.254562,-11.243171,0.080472,0.009459,-0.024515,-2.892196,-3.107674,-10.342952,-0.15668,0.19625,-0.039436,1.268927,-0.612916,-11.707646,-0.06968,-0.085002,-0.011458,0.320823,0.507571,-11.654974,0.054758,-0.01359,0.000133
1,85.0,182370,0.263362,0.952892,-11.228806,0.085668,0.003464,-0.021184,-2.624045,-2.782062,-10.050858,-0.150285,0.203311,-0.038637,1.23062,-0.497994,-11.60709,-0.068614,-0.06968,-0.007461,0.440533,0.775721,-11.60709,0.054758,0.015188,0.003064
1,85.0,182439,0.306458,1.16837,-11.444284,0.089132,0.008793,-0.019718,-2.37026,-2.499547,-10.414778,-0.167205,0.227026,-0.023982,1.35033,-0.301669,-11.482592,-0.076075,-0.068348,-0.010525,0.56982,0.914585,-11.69807,0.070746,-0.025314,0.000133
1,85.0,182508,0.545878,1.474828,-11.765107,0.10432,0.017587,-0.010126,-2.384625,-2.403779,-10.936713,-0.186524,0.241149,-0.020784,1.163582,-0.143652,-11.860875,-0.071012,-0.08287,-0.011191,0.488417,0.723049,-11.961432,0.043034,-0.057556,-0.003331
1,85.0,182577,0.852336,1.321599,-11.3964,0.082204,0.016787,-0.015055,-2.293645,-2.1883,-10.520123,-0.150685,0.197449,-0.035706,0.967257,-0.301669,-11.93749,-0.053026,-0.090864,-0.014389,0.268151,0.536301,-11.57836,-0.029444,-0.046764,-0.007194
1,85.0,182646,0.651223,1.335965,-11.405977,0.080871,0.010792,-0.027179,-2.145205,-2.135628,-10.486604,-0.131899,0.180928,-0.030243,1.04866,-0.35913,-11.554418,-0.062485,-0.068747,-0.017587,0.23942,0.488417,-11.520899,-0.002665,-0.014922,-0.005063
1,85.0,182715,0.392649,1.158794,-11.372458,0.066216,0.003331,-0.035972,-2.092532,-2.351106,-10.912771,-0.167605,0.172135,-0.026913,1.058237,-0.507571,-11.597513,-0.073677,-0.068348,-0.016521,0.191536,0.287304,-11.731588,0.028511,-0.006795,-0.003198
1,85.0,182784,0.488417,0.727837,-11.525687,0.069813,-0.006795,-0.028112,-2.092532,-2.427721,-10.70687,-0.165207,0.178397,-0.028911,0.909797,-0.584185,-11.664551,-0.060753,-0.070879,-0.010792,0.253785,0.383072,-11.549629,0.003597,0.017853,0.000133
1,85.0,182853,0.531513,0.90022,-11.511322,0.079273,0.006528,-0.027712,-1.781286,-1.877054,-10.591949,-0.156946,0.189055,-0.014123,0.90022,-0.215478,-11.640609,-0.055557,-0.05689,-0.013989,0.229843,0.641646,-11.60709,0.005729,-0.021717,-0.003331
1,85.0,182922,0.679953,1.144428,-11.760319,0.097259,0.022383,-0.015855,-1.766921,-1.781286,-11.200075,-0.19132,0.217833,-0.01279,0.80924,-0.143652,-11.707646,-0.063152,-0.065683,-0.014123,0.263362,0.545878,-11.654974,0.003331,-0.08247,-0.00413
2,85.0,182991,0.78051,1.115698,-11.63582,0.108051,0.058222,-0.009992,-1.771709,-1.671153,-10.922348,-0.152683,0.180395,-0.023715,0.646434,-0.244209,-11.96622,-0.037971,-0.074343,-0.015455,0.201113,0.464475,-11.439496,-0.015721,-0.089531,-0.00906
2,85.0,183060,0.799663,1.039083,-11.410766,0.116444,0.104187,-0.017853,-1.570596,-1.388637,-10.783484,-0.137628,0.183193,-0.024381,0.536301,-0.196325,-11.822568,-0.023315,-0.063551,-0.017187,0.014365,0.521936,-11.554418,-0.041568,-0.085135,-0.009859
2,85.0,183129,0.59855,0.90022,-11.267113,0.090331,0.090064,-0.033308,-1.580173,-1.73819,-11.09473,-0.168271,0.192119,-0.03011,0.531513,-0.440533,-11.841722,-0.05156,-0.079006,-0.015988,-0.110133,0.177171,-11.640609,-0.042368,-0.070613,-0.007194
2,85.0,183198,0.588974,0.407014,-11.583148,0.098191,0.054358,-0.03051,-1.383849,-1.73819,-11.075577,-0.181727,0.19132,-0.027312,0.56982,-0.512359,-11.760319,-0.067948,-0.08327,-0.013723,0.086191,0.201113,-11.774684,-0.019718,-0.028778,-0.007061
2,85.0,183267,0.703895,0.512359,-11.654974,0.108983,0.043034,-0.02638,-1.000776,-1.288081,-10.91756,-0.175732,0.201446,-0.029178,0.723049,-0.306458,-11.712435,-0.082204,-0.090331,-0.011858,0.21069,0.483629,-11.722012,0.012524,-0.020251,-0.007594
2,85.0,183336,0.881066,0.723049,-11.884817,0.115911,0.027979,-0.018652,-0.847547,-1.077391,-11.161768,-0.185991,0.23875,-0.02638,0.694318,-0.067038,-11.559206,-0.084868,-0.070213,-0.010392,0.124498,0.493206,-11.693281,0.023715,-0.015988,-0.006129
2,85.0,183405,1.015141,0.507571,-11.84651,0.113646,0.06142,-0.015455,-0.847547,-1.077391,-11.27669,-0.210106,0.292842,-0.023049,0.603339,-0.129287,-11.616667,-0.100723,-0.078074,-0.011458,0.033519,0.435745,-11.712435,0.031709,-0.036772,-0.005862
2,85.0,183474,1.125275,0.325611,-11.702858,0.178796,0.113247,-0.017187,-0.80924,-0.861913,-11.219229,-0.196916,0.247544,-0.019185,0.45011,-0.114922,-11.75553,-0.04783,-0.040103,-0.014789,0.004788,0.397437,-11.444284,0.032242,-0.105652,-0.008926
2,85.0,183543,1.106121,0.253785,-11.477803,0.218233,0.154282,-0.021051,-0.608127,-0.952892,-11.228806,-0.199314,0.223296,-0.023715,0.354342,-0.258574,-11.860875,-0.036372,-0.045698,-0.012923,-0.129287,0.186748,-11.492168,-0.045965,-0.038504,-0.00373
2,85.0,183612,0.957681,0.067038,-11.358093,0.194651,0.13483,-0.028911,-0.325611,-0.943315,-11.33894,-0.237285,0.254871,-0.031309,0.402226,-0.301669,-11.789049,-0.046098,-0.055691,-0.010259,0.0,0.282516,-11.731588,-0.057689,0.018253,-0.002265
2,85.0,183681,0.957681,-0.105345,-11.267113,0.150418,0.084202,-0.029577,-0.071826,-0.603339,-11.123461,-0.235553,0.253672,-0.03504,0.426168,-0.225055,-11.678916,-0.05689,-0.055824,-0.009193,0.081403,0.45011,-11.918336,-0.040236,0.035306,-0.003864
2,85.0,183750,-0.071826,1.910573,-12.722788,0.113779,-0.064617,-0.073144,-2.197877,1.762132,-10.563218,0.257936,-0.889585,0.046364,-1.886631,1.58975,-11.736377,0.090464,0.286181,-0.087933,-1.881842,2.1883,-10.232818,-0.026247,-0.022783,-0.058089
2,85.0,183819,0.933739,-0.603339,-11.717223,-0.063551,0.026113,0.102055,-0.943315,-3.672705,-11.836933,-0.149885,0.171868,0.067149,0.105345,-1.810017,-12.990938,-0.146554,-0.136029,0.150951,-0.751779,-2.461239,-11.798626,-0.336942,-0.037838,0.198248
2,85.0,183888,0.612916,0.397437,-12.023681,0.085801,-0.124971,0.257136,-0.555455,-1.61848,-11.291056,-0.016254,0.026513,0.263665,0.038307,-0.656011,-11.884817,-0.069014,-0.058888,0.276588,-0.301669,-0.387861,-12.038046,-0.065417,0.063951,0.298172
2,85.0,183957,0.976834,1.04866,-11.520899,0.011458,0.014789,0.16041,-0.114922,0.004788,-10.817003,-0.031709,-0.013856,0.171735,0.325611,0.593762,-11.042058,-0.047963,0.113779,0.155081,0.23942,0.857124,-11.300632,-0.094061,0.017853,0.16534
2,85.0,184026,0.828394,1.043872,-11.18571,-0.045032,-0.068348,0.128435,-0.363919,-0.148441,-10.931925,-0.022116,0.011058,0.145489,0.004788,0.296881,-11.803414,-0.078074,-0.025314,0.157879,-0.272939,0.363919,-12.229582,-0.092462,0.054225,0.171469
2,85.0,184095,1.039083,-0.320823,-11.439496,-0.3039,-0.176531,0.28245,0.244209,-0.656011,-11.736377,-0.005995,0.023315,0.279919,1.063026,-0.095768,-11.942278,-0.122306,-0.0874,0.320821,0.488417,1.273715,-11.18571,-0.016387,-0.065683,0.338407
2,85.0,184164,0.962469,0.818817,-10.869676,0.021051,0.031443,0.462446,-0.493206,-0.588974,-11.750742,0.015721,0.073544,0.463511,0.167594,0.282516,-12.20564,0.001199,-0.029577,0.484296,-0.215478,0.579397,-11.257536,-0.05156,-0.021717,0.492289
2,85.0,184233,0.632069,1.972822,-11.784261,0.076874,-0.088066,0.612064,-0.043096,0.885855,-10.7356,0.033175,0.054092,0.592479,0.344765,1.527501,-11.310209,-0.034773,0.032508,0.604603,0.215478,1.819593,-11.947066,0.058755,-0.003331,0.612064
2,85.0,184302,1.814805,1.537078,-11.827356,-0.010792,-0.028112,0.198381,-0.158017,0.435745,-11.224017,-0.010525,-0.011191,0.199714,0.23942,0.062249,-11.999739,-0.026247,-0.034773,0.201979,0.656011,0.545878,-12.35887,-0.064617,-0.058355,0.200247
2,85.0,184371,1.134852,0.512359,-11.63582,-0.011858,0.001599,-0.014789,0.047884,-0.493206,-11.391612,-0.003198,0.038104,-0.019985,0.584185,0.138864,-11.688493,-0.048896,-0.006262,-0.000266,0.191536,0.670376,-11.492168,-0.013723,0.015322,0.016387
2,85.0,184440,0.837971,0.517148,-11.420342,0.018519,0.013456,-0.030776,-0.229843,-0.497994,-11.353305,-0.015055,0.015855,-0.034374,0.363919,0.086191,-11.961432,-0.023449,0.001332,-0.020917,0.067038,0.641646,-11.674128,-0.02225,-0.012524,-0.00493
2,85.0,184509,0.837971,0.502782,-11.563994,0.006528,-0.00373,-0.028112,-0.191536,-0.502782,-11.281479,-0.014389,0.012391,-0.031709,0.368707,0.023942,-11.722012,-0.036639,-0.007328,-0.016521,0.105345,0.584185,-11.674128,-0.024914,-0.012391,-0.000533
2,85.0,184578,0.828394,0.517148,-11.568783,0.001732,-0.011858,-0.031309,-0.258574,-0.493206,-11.295844,-0.014123,0.010525,-0.034107,0.320823,0.02873,-11.683704,-0.041568,-0.007328,-0.019718,0.038307,0.603339,-11.60709,-0.027179,-0.008926,-0.003198
2,85.0,184647,0.876278,0.474052,-11.583148,-0.002798,-0.009593,-0.029444,-0.220267,-0.526724,-11.300632,-0.010925,0.013456,-0.033041,0.354342,0.0,-11.659762,-0.045432,-0.007061,-0.01772,0.071826,0.54109,-11.640609,-0.022649,-0.00373,-0.000933
2,85.0,184716,0.885855,0.517148,-11.554418,0.000933,-0.005329,-0.029711,-0.21069,-0.488417,-11.319786,-0.009459,0.014922,-0.032775,0.378284,0.086191,-11.707646,-0.041701,-0.004663,-0.017587,0.09098,0.632069,-11.597513,-0.023182,-0.004796,-0.001199
2,85.0,184785,0.876278,0.536301,-11.563994,0.0,-0.003997,-0.030377,-0.220267,-0.497994,-11.310209,-0.011724,0.013989,-0.033441,0.373495,0.047884,-11.69807,-0.041835,-0.005329,-0.01772,0.062249,0.603339,-11.602302,-0.02558,-0.006662,-0.003198
2,85.0,184854,0.876278,0.488417,-11.563994,0.000799,-0.00453,-0.03051,-0.225055,-0.512359,-11.319786,-0.012124,0.012391,-0.033175,0.339977,0.004788,-11.736377,-0.042101,-0.005063,-0.019452,0.057461,0.56982,-11.63582,-0.02638,-0.006262,-0.003064
2,85.0,184923,0.857124,0.512359,-11.554418,-0.0004,-0.005329,-0.031309,-0.21069,-0.47884,-11.305421,-0.013456,0.012124,-0.034773,0.349553,0.047884,-11.69807,-0.043433,-0.005596,-0.019452,0.076614,0.593762,-11.626244,-0.02598,-0.006662,-0.001732
2,85.0,184992,0.881066,0.531513,-11.568783,-0.000666,-0.006129,-0.031043,-0.205901,-0.488417,-11.310209,-0.011991,0.012923,-0.03464,0.349553,0.023942,-11.69807,-0.043833,-0.006129,-0.019851,0.076614,0.59855,-11.626244,-0.025047,-0.006395,-0.002665
2,85.0,185061,0.871489,0.512359,-11.583148,-0.001199,-0.005596,-0.030243,-0.215478,-0.512359,-11.305421,-0.011591,0.011991,-0.03424,0.325611,0.023942,-11.69807,-0.044499,-0.006262,-0.019319,0.067038,0.565032,-11.60709,-0.026247,-0.006662,-0.002398
2,85.0,185130,0.885855,0.526724,-11.57836,-0.000799,-0.005862,-0.03091,-0.205901,-0.488417,-11.291056,-0.011591,0.013323,-0.033574,0.373495,0.033519,-11.702858,-0.0441,-0.005196,-0.019985,0.081403,0.584185,-11.63582,-0.026113,-0.005862,-0.003331
2,85.0,185199,0.995988,0.766145,-11.592725,-0.101522,-0.077008,-0.023848,-0.129287,-0.272939,-10.773908,0.094594,-0.164141,-0.030776,0.521936,0.287304,-11.712435,-0.050495,0.01279,-0.018519,0.148441,0.751779,-11.449073,-0.029844,0.014256,0.002265
2,84.5,185268,0.919373,0.392649,-11.506534,-0.072478,-0.029444,-0.031842,-0.684742,-0.857124,-11.645397,0.009726,0.023982,-0.024781,0.004788,-0.181959,-11.75553,-0.035173,-0.00826,-0.009593,-0.258574,0.402226,-11.219229,-0.071145,-0.014789,0.001998
2,84.5,185337,0.804452,0.416591,-11.27669,-0.051161,-0.013856,-0.031443,-0.23942,-0.665588,-11.348516,0.075276,-0.132432,-0.041835,0.560243,-0.019154,-11.765107,-0.021583,0.027312,-0.022516,0.296881,0.684742,-11.69807,-0.027046,0.009859,0.00413
2,84.5,185406,0.976834,0.909797,-11.731588,-0.067415,-0.058888,-0.024248,-0.641646,-0.699107,-11.631032,-0.001066,0.055824,-0.036106,0.435745,0.248997,-11.693281,-0.082204,0.014922,-0.023049,0.143652,0.622492,-11.104307,-0.028245,0.037172,-0.003864
2,84.0,185475,0.905008,0.560243,-10.941502,-0.071412,-0.043833,-0.026779,-0.574608,-1.096544,-11.702858,0.091397,-0.150018,-0.037038,0.435745,-0.196325,-11.573571,-0.01359,0.063418,-0.020917,0.086191,0.306458,-11.180922,-0.034107,-0.028378,0.006795
2,84.0,185544,0.622492,0.588974,-11.161768,-0.030643,0.030377,-0.039969,-0.497994,-0.416591,-11.257536,0.015588,0.04783,-0.0429,0.335188,0.086191,-11.889606,-0.067282,-0.027979,-0.021717,0.234632,0.890643,-11.808203,0.027845,-0.009726,-0.013456
2,83.5,185613,0.770933,0.402226,-10.989386,-0.052493,-0.018786,-0.032775,-0.588974,-1.144428,-11.48738,0.074077,-0.156547,-0.041435,0.464475,-0.306458,-11.611878,-0.024115,0.03957,-0.020784,0.02873,0.248997,-11.391612,-0.027979,-0.00826,0.005329
2,83.0,185682,0.727837,0.560243,-10.864887,-0.023049,0.041568,-0.03917,-0.392649,-0.708684,-11.042058,0.004796,0.013989,-0.048896,0.435745,-0.23942,-11.96622,-0.052626,-0.050095,-0.020784,0.110133,0.622492,-11.851298,-0.003064,-0.045832,-0.004397
2,83.0,185751,0.794875,0.488417,-11.36767,-0.03464,0.015455,-0.037172,-0.799663,-1.04866,-11.18571,0.07874,-0.149485,-0.040369,0.316035,-0.296881,-11.836933,-0.00866,0.015455,-0.021184,-0.076614,0.253785,-11.305421,-0.053692,-0.023848,0.000666
2,83.0,185820,0.608127,0.507571,-12.492945,0.019452,-0.001865,-0.040103,-1.043872,-0.981623,-10.864887,0.031842,-0.079139,-0.027312,0.071826,-0.191536,-12.354081,-0.008926,0.000666,-0.011058,0.062249,0.47884,-11.975797,-0.079939,0.03424,-0.001466
2,82.5,185889,0.818817,0.723049,-11.501745,-0.023315,-0.012124,-0.030377,-0.632069,-0.818817,-10.960655,0.036239,-0.089931,-0.032775,0.617704,-0.047884,-11.343728,-0.054092,0.011724,-0.019319,0.11971,0.588974,-11.602302,-0.032908,0.00453,0.001332
2,82.5,185958,0.593762,0.565032,-12.354081,0.011858,0.000533,-0.039303,-1.37906,-1.125275,-11.372458,0.051161,-0.055824,-0.035839,0.038307,-0.296881,-12.469003,0.018519,0.025314,-0.015055,-0.143652,0.42138,-11.717223,-0.076208,0.036639,-0.002132
2,82.0,186027,0.670376,0.646434,-11.420342,-0.024781,-0.014389,-0.035972,-0.746991,-0.847547,-10.783484,0.013057,-0.054092,-0.038637,0.584185,-0.057461,-11.563994,-0.060354,0.001599,-0.021717,0.282516,0.679953,-11.654974,-0.02598,-0.008394,-0.003597
2,82.0,186096,0.991199,0.847547,-11.832145,-0.018786,-0.000266,-0.020917,-1.580173,-1.240196,-12.162544,0.047963,-0.032508,-0.037838,0.23942,-0.201113,-12.119449,0.018652,0.058355,-0.016121,-0.277727,0.287304,-11.147403,-0.085401,0.024248,0.003198
2,81.5,186165,0.550666,0.59855,-11.482592,-0.004796,-0.012524,-0.037571,-0.905008,-0.924162,-10.692505,0.011858,-0.038104,-0.03957,0.373495,-0.114922,-11.856087,-0.037305,0.014922,-0.021583,0.191536,0.651223,-11.7268,-0.031443,0.001599,-0.006262
2,81.5,186234,0.603339,1.580173,-11.109096,-0.003864,0.012923,-0.013456,-1.527501,-0.986411,-12.071565,0.004263,-0.005063,-0.035173,0.531513,0.158017,-11.985373,-0.009992,0.056757,-0.025714,-0.004788,0.248997,-10.941502,-0.032242,-0.018253,0.001332
2,81.0,186303,0.670376,0.718261,-11.358093,-0.005329,0.001599,-0.032775,-1.216254,-1.096544,-10.898406,0.013456,-0.019452,-0.041168,0.407014,-0.148441,-11.932701,-0.055291,0.003064,-0.018786,0.095768,0.47884,-11.525687,-0.025847,0.032242,-0.004397
2,81.0,186372,0.59855,1.211466,-11.525687,0.002665,0.01772,-0.031576,-1.173159,-0.54109,-11.60709,-0.051827,0.067948,-0.024515,0.670376,0.349553,-11.525687,-0.048096,0.027179,-0.022116,0.368707,0.833182,-11.870452,-0.000133,0.018652,-0.007328
2,80.5,186441,0.775721,0.694318,-11.21444,-0.011458,0.003597,-0.028112,-1.034295,-1.015141,-11.152191,-0.01359,0.017187,-0.03877,0.636858,0.004788,-11.731588,-0.083669,-0.019718,-0.015855,0.277727,0.713472,-11.300632,0.001865,0.019851,-0.002132
2,80.5,186510,0.565032,1.283292,-11.913548,0.000266,0.006795,-0.033974,-0.756568,-0.225055,-10.563218,0.049296,-0.077008,-0.011991,0.488417,0.47884,-11.152191,-0.036905,0.036505,-0.023049,0.3304,1.120486,-12.334928,-0.015588,-0.029311,-0.00906
2,80.0,186579,0.746991,0.890643,-11.496957,-0.001332,-0.000533,-0.030377,-1.04866,-0.986411,-11.195287,-0.006662,0.019851,-0.041435,0.684742,0.057461,-11.827356,-0.06555,-0.017453,-0.017853,0.35913,0.723049,-11.664551,0.006129,-0.000133,-0.003997
2,80.0,186648,0.411803,1.039083,-11.860875,-0.01692,-0.032109,-0.047697,-0.976834,-0.402226,-10.050858,0.078473,-0.106851,-0.021983,0.301669,0.378284,-11.109096,-0.043034,0.026646,-0.023315,-0.023942,1.264138,-12.445061,-0.038237,-0.001199,-0.010259
2,79.5,186717,0.675165,0.919373,-11.401189,-0.002398,0.014922,-0.031176,-1.13964,-0.995988,-11.109096,-0.00453,0.020651,-0.040636,0.603339,-0.057461,-11.856087,-0.039436,-0.006129,-0.016654,0.287304,0.646434,-11.947066,-0.00906,-0.027845,-0.002665
2,79.5,186786,0.694318,0.876278,-12.172121,-0.045965,-0.06475,-0.043833,-1.067814,-0.703895,-10.103531,0.078207,-0.107251,-0.031709,0.354342,0.21069,-11.219229,-0.037971,0.021983,-0.016521,-0.253785,1.101333,-12.421119,-0.055291,0.054358,-0.00373
2,79.0,186855,0.497994,0.876278,-10.951078,-0.011325,0.021051,-0.038637,-1.359907,-1.125275,-11.09473,-0.002265,0.014655,-0.04823,0.555455,-0.09098,-11.923124,-0.055957,-0.016254,-0.021317,0.23942,0.732626,-11.760319,0.002398,-0.028911,-0.007994
2,79.0,186924,0.962469,0.938527,-12.138602,-0.059021,-0.00413,-0.038371,-1.465251,-0.909797,-10.500969,0.103121,-0.123772,-0.042501,0.201113,-0.162806,-12.200851,0.011191,0.009726,-0.021983,-0.172383,0.684742,-12.200851,-0.081538,-0.010925,-0.002798
2,78.5,186993,0.497994,0.938527,-11.03727,-0.006528,-0.012657,-0.032775,-1.388637,-1.335965,-11.147403,-0.010792,0.016787,-0.052626,0.703895,-0.196325,-11.942278,-0.065417,-0.011591,-0.021983,0.3304,0.59855,-11.568783,-0.015988,0.010658,-0.005063
2,78.5,187062,0.952892,0.852336,-11.947066,-0.037038,-0.002265,-0.03011,-1.388637,-1.283292,-10.903194,0.096726,-0.131632,-0.051294,0.646434,-0.220267,-12.23437,-0.011458,-0.024515,-0.019319,0.287304,0.545878,-11.956643,-0.05276,-0.032642,0.003864
2,78.0,187131,0.526724,0.995988,-11.482592,0.004663,-0.010525,-0.032375,-1.551443,-1.35033,-11.123461,-0.013456,0.012257,-0.047564,0.579397,-0.225055,-11.918336,-0.038637,0.001066,-0.024781,0.186748,0.545878,-11.530476,-0.03464,0.007194,-0.007061
2,78.0,187200,0.727837,1.096544,-11.645397,-0.050361,-0.010259,-0.028911,-1.484405,-1.575385,-11.760319,0.097392,-0.126303,-0.043833,0.948104,-0.138864,-12.148179,-0.011724,0.020118,-0.022383,0.670376,0.493206,-11.329363,-0.032508,-0.010925,0.00493
2,77.5,187269,0.842759,0.952892,-11.84651,-0.0004,0.012391,-0.027179,-1.508347,-1.355118,-11.089942,-0.007994,0.018119,-0.039969,0.646434,-0.244209,-11.894394,-0.023182,-0.02225,-0.019185,0.138864,0.565032,-11.942278,-0.032242,-0.020518,-0.005995
2,77.5,187338,0.790087,1.130063,-11.793838,-0.07341,0.002798,-0.03011,-1.575385,-1.489193,-11.559206,0.093662,-0.124038,-0.042501,0.890643,0.004788,-11.832145,-0.0437,0.015055,-0.024914,0.445322,0.603339,-11.683704,-0.05156,-0.007994,0.001865
2,77.0,187407,0.656011,1.034295,-11.793838,-0.001599,0.001466,-0.032508,-1.632846,-1.35033,-11.118672,-0.013456,0.021717,-0.039037,0.608127,-0.153229,-11.990162,-0.024248,-0.010658,-0.019052,0.134075,0.641646,-11.923124,-0.031443,-0.02185,-0.004263
2,77.0,187476,0.852336,0.986411,-11.611878,-0.066882,-0.02558,-0.037038,-1.187524,-1.120486,-10.323798,0.126436,-0.133498,-0.055291,0.823605,-0.004788,-11.482592,-0.050495,0.005196,-0.025181,0.282516,0.857124,-11.391612,-0.046764,-0.032242,-0.001599
2,76.5,187545,0.560243,1.053449,-11.176133,-0.010792,0.00906,-0.036106,-1.699883,-1.460463,-10.778696,-0.013323,0.023049,-0.042634,0.579397,-0.186748,-11.63582,-0.042101,-0.007727,-0.015855,-0.004788,0.574608,-11.784261,-0.022649,-0.00453,-0.00413
2,76.5,187614,0.694318,0.90022,-11.664551,-0.060487,-0.029844,-0.036505,-1.47004,-1.359907,-10.486604,0.101655,-0.107651,-0.057423,0.68953,-0.081403,-11.592725,-0.05276,0.006262,-0.024115,0.287304,0.828394,-11.473015,-0.045832,-0.01732,0.0004
2,76.0,187683,0.574608,1.163582,-11.683704,0.006262,-0.031709,-0.028911,-1.73819,-1.455675,-11.013328,-0.024515,0.031842,-0.043567,0.670376,-0.067038,-11.870452,-0.040502,0.006262,-0.019585,0.134075,0.751779,-11.69807,-0.026646,0.008394,-0.002531
2,76.0,187752,0.641646,1.015141,-11.319786,-0.042368,-0.033974,-0.032775,-1.422156,-1.340753,-10.606314,0.093395,-0.083136,-0.055291,0.857124,-0.014365,-11.415554,-0.050228,0.020118,-0.023315,0.440533,0.785298,-11.386824,-0.031443,-0.023315,-0.000666
2,76.0,187821,0.804452,1.244985,-11.611878,-0.015055,0.00413,-0.032642,-1.666364,-1.493982,-10.912771,0.001732,0.007727,-0.045165,0.665588,-0.114922,-11.760319,-0.039836,0.010658,-0.019452,0.081403,0.656011,-11.439496,-0.028911,-0.006129,-0.006395
2,75.5,187890,0.694318,1.16837,-11.63582,-0.019851,-0.000133,-0.031176,-1.68073,-1.493982,-10.7356,0.043833,-0.041302,-0.05236,0.718261,-0.114922,-11.563994,-0.038371,0.005329,-0.020651,0.248997,0.651223,-11.48738,-0.041435,-0.000933,-0.001466
2,75.5,187959,0.6608,1.331176,-11.60709,-0.012124,-0.010792,-0.021583,-1.819593,-1.61848,-11.439496,0.021317,-0.009459,-0.053825,1.106121,0.138864,-12.033257,-0.042767,-0.017054,-0.018919,0.679953,0.914585,-11.745954,-0.049828,-0.036372,-0.002265
2,75.0,188028,0.656011,1.254562,-11.693281,0.030377,0.003331,-0.029044,-1.838747,-1.56102,-10.931925,-0.038237,0.052893,-0.044632,0.665588,-0.067038,-11.832145,-0.037438,-0.023715,-0.015721,0.167594,0.742203,-11.674128,-0.027979,-0.013989,-0.007061
2,75.0,188097,0.588974,1.182736,-11.310209,0.094994,0.012124,-0.023449,-1.80044,-1.527501,-11.204864,-0.127902,0.168138,-0.037305,0.871489,-0.067038,-11.650186,-0.052493,-0.040103,-0.013856,0.464475,0.746991,-11.568783,0.017587,0.011058,-0.010259
2,75.0,188166,0.641646,1.096544,-11.554418,0.089265,0.033841,-0.023315,-1.61848,-1.465251,-11.142614,-0.163208,0.203977,-0.036505,0.694318,-0.076614,-11.803414,-0.048096,-0.065017,-0.016121,0.23942,0.684742,-11.48738,0.012391,-0.051028,-0.011591
2,75.0,188235,0.68953,0.967257,-11.664551,0.10392,0.059554,-0.020384,-1.508347,-1.316811,-10.941502,-0.142424,0.186923,-0.038637,0.646434,-0.081403,-12.057199,-0.027979,-0.071545,-0.01279,0.282516,0.656011,-11.592725,-0.003064,-0.073277,-0.008527
2,75.0,188304,0.727837,1.115698,-11.425131,0.076741,0.067815,-0.029844,-1.393425,-1.187524,-10.984597,-0.129101,0.193985,-0.040103,0.560243,-0.138864,-11.961432,-0.041302,-0.067948,-0.014389,0.11971,0.59855,-11.769896,-0.020518,-0.07381,-0.010792
2,85.0,188373,0.684742,0.885855,-11.334151,0.06142,0.053692,-0.03091,-1.355118,-1.283292,-11.257536,-0.13976,0.21357,-0.038237,0.493206,-0.277727,-11.745954,-0.072744,-0.074077,-0.01319,0.095768,0.469264,-11.592725,-0.006262,-0.029711,-0.008394
2,85.0,188442,0.684742,0.727837,-11.501745,0.083936,0.033841,-0.030643,-1.13964,-1.244985,-11.195287,-0.154948,0.226493,-0.032908,0.627281,-0.172383,-11.63582,-0.076874,-0.071812,-0.011591,0.229843,0.54109,-11.587936,0.001732,-0.005995,-0.00866
2,85.0,188511,0.588974,0.737414,-11.741165,0.104453,0.002398,-0.031176,-0.756568,-0.92895,-11.109096,-0.164274,0.231689,-0.033041,0.703895,-0.033519,-11.520899,-0.083802,-0.082737,-0.011058,0.335188,0.737414,-11.693281,0.019452,-0.006528,-0.00906
2,85.0,188580,0.794875,0.785298,-11.81778,0.091663,0.0,-0.025181,-0.723049,-0.818817,-11.319786,-0.181594,0.288179,-0.03504,0.608127,0.081403,-11.563994,-0.098458,-0.089132,-0.012923,0.177171,0.694318,-11.51611,0.005462,-0.027845,-0.00826
2,85.0,188649,0.92895,0.641646,-11.477803,0.083802,0.009859,-0.023315,-0.6608,-0.675165,-11.142614,-0.16534,0.251274,-0.030377,0.502782,0.023942,-11.654974,-0.086067,-0.071812,-0.012257,0.11971,0.68953,-11.568783,-0.006528,-0.053692,-0.006795
2,85.0,188718,0.981623,0.608127,-11.482592,0.104853,0.055824,-0.022383,-0.555455,-0.703895,-11.003751,-0.108717,0.141225,-0.030377,0.416591,0.014365,-11.664551,-0.061553,-0.049695,-0.015455,0.009577,0.435745,-11.650186,-0.029044,-0.055824,-0.00373
2,85.0,188787,0.756568,0.866701,-11.865664,0.119508,0.049828,-0.029844,-0.68953,-0.42138,-11.477803,-0.194384,0.214636,-0.019452,0.105345,0.047884,-11.645397,-0.055424,-0.070213,-0.013989,-0.02873,0.718261,-11.463438,-0.053692,-0.052093,-0.009859
2,85.0,188856,0.68953,0.349553,-11.468226,0.112047,0.06142,-0.029178,-0.110133,-0.517148,-11.281479,-0.179729,0.231822,-0.028911,0.378284,-0.095768,-11.712435,-0.049429,-0.03917,-0.009593,0.225055,0.718261,-12.004527,-0.005862,-0.018652,0.001466
2,85.0,188925,0.943315,0.397437,-11.688493,-0.037571,-0.001599,-0.027579,-0.268151,-0.464475,-11.492168,-0.012257,0.046098,-0.024515,0.301669,0.047884,-11.745954,-0.050361,-0.019585,-0.011724,-0.014365,0.651223,-11.75553,-0.040236,0.017187,0.004263
2,85.0,188994,0.909797,0.459687,-11.559206,-0.002931,-0.008394,-0.031043,-0.177171,-0.407014,-11.247959,-0.014256,0.010525,-0.033974,0.35913,0.019154,-11.712435,-0.040769,-0.00493,-0.020651,0.09098,0.574608,-11.645397,-0.025447,-0.007328,-0.004796
2,85.0,189063,0.881066,0.416591,-11.631032,-0.005729,-0.015721,-0.029844,-0.181959,-0.488417,-11.291056,-0.010525,0.008926,-0.031709,0.335188,-0.033519,-11.654974,-0.045165,-0.00866,-0.017587,0.057461,0.565032,-11.659762,-0.027712,-0.005063,-0.000933
2,85.0,189132,0.842759,1.063026,-11.166556,-0.045432,0.015055,-0.03091,-0.301669,0.11971,-11.27669,0.075942,-0.141891,-0.047564,0.067038,0.584185,-11.60709,-0.032508,0.002798,-0.036106,-0.258574,1.16837,-11.03727,0.029178,-0.091263,-0.007594
2,85.0,189201,1.61848,0.172383,-11.932701,-0.058222,-0.02638,0.08327,-0.45011,-0.775721,-11.252748,0.060087,-0.004263,0.074743,0.038307,-1.106121,-11.702858,-0.084602,-0.037172,0.090997,0.387861,-0.445322,-11.741165,-0.007061,-0.006129,0.090464
2,85.0,189270,0.828394,0.737414,-11.334151,0.04783,-0.055957,-0.353729,-0.718261,-0.253785,-11.616667,-0.027845,-0.04743,-0.342538,-0.138864,0.057461,-11.549629,-0.000933,0.013856,-0.341871,-0.253785,0.397437,-11.252748,-0.044632,0.042634,-0.330946
2,85.0,189339,1.130063,0.339977,-11.717223,-0.051161,0.006395,-0.436998,0.02873,-0.368707,-11.200075,-0.06102,-0.027712,-0.449522,0.54109,-0.138864,-11.573571,-0.057956,0.052093,-0.431269,0.397437,0.42138,-11.425131,-0.050761,-0.002798,-0.412617
2,85.0,189408,1.235408,0.426168,-11.449073,-0.102855,-0.031709,-0.631383,-0.526724,-0.531513,-11.674128,-0.073544,-0.014922,-0.632449,0.215478,-0.397437,-11.559206,-0.112447,0.018786,-0.620591,-0.110133,0.095768,-11.21444,-0.049162,0.055824,-0.599141
2,85.0,189477,0.272939,-0.392649,-11.7268,-0.05649,0.057423,-0.727443,-0.02873,-1.68073,-10.788273,-0.097259,-0.047031,-0.706392,0.526724,-0.177171,-11.841722,-0.13976,-0.013456,-0.697865,-0.316035,0.081403,-12.162544,-0.063018,-0.001998,-0.663225
2,85.0,189546,0.545878,0.095768,-11.128249,-0.007328,-0.116311,-0.049562,-0.014365,-0.885855,-10.931925,0.002265,-0.002132,-0.034107,0.560243,-0.143652,-11.482592,-0.041035,0.0,-0.019185,-0.134075,0.445322,-11.415554,-0.014256,0.017187,-0.000133
2,85.0,189615,1.963245,0.565032,-12.933477,-0.003331,-1.225861,-0.168005,0.814029,-0.397437,-11.784261,0.251541,-0.092862,-0.015055,1.125275,-0.842759,-11.736377,0.077141,-0.045032,-0.155481,2.681506,0.703895,-12.650962,0.098058,-0.407288,-0.01279
2,85.0,189684,0.134075,-0.531513,-11.856087,-0.088066,0.070746,-0.046897,-0.708684,-1.302446,-11.051635,-0.156813,0.156413,-0.029444,-0.287304,-1.68073,-11.731588,-0.151884,0.042368,-0.02558,1.297657,0.076614,-12.258312,-0.243147,0.066349,-0.030776
2,85.0,189753,1.254562,0.172383,-11.48738,-0.045565,0.575959,0.001199,0.062249,-0.737414,-11.15698,-0.0433,0.087266,-0.098058,0.229843,-1.364695,-11.425131,-0.041968,0.142158,-0.004263,1.647211,0.407014,-11.492168,-0.11791,0.227959,-0.041568
2,85.0,189822,-1.733402,-1.733402,-11.60709,-0.116178,0.371049,-0.048096,-7.718906,-3.41892,-12.488156,0.010925,0.384772,0.068214,-4.19943,-2.236184,-12.449849,-0.133631,0.106985,-0.060487,-1.905785,-0.474052,-13.747506,-0.259268,-0.031309,-0.073011
2,85.0,189891,1.374272,0.632069,-10.91756,0.019718,-0.618992,-0.56117,0.349553,-0.344765,-11.425131,-0.008527,-0.186391,-0.431802,0.651223,-0.962469,-11.520899,-0.007328,-0.150551,-0.514539,2.116474,0.799663,-10.7356,0.132299,-0.033574,-0.458715
2,85.0,189960,2.025495,0.263362,-11.530476,-0.032508,-0.020118,-0.059155,1.747767,-0.703895,-11.343728,-0.053426,0.057556,-0.046098,1.977611,-0.550666,-11.75553,-0.096193,-0.016254,-0.036505,2.868254,1.13964,-11.33894,-0.049828,-0.067815,0.003997
2,85.0,190029,0.521936,0.301669,-11.63582,-0.011325,-0.105652,-0.036372,-0.167594,-0.627281,-11.291056,-0.015455,-0.000799,-0.019452,0.11971,-1.015141,-11.693281,-0.070613,-0.06928,-0.033841,1.522712,0.746991,-11.592725,-0.003331,-0.054758,0.011858
2,85.0,190098,0.718261,0.464475,-11.568783,0.009859,-0.06515,-0.037305,0.0,-0.454898,-11.348516,-0.000266,-0.013057,-0.029577,0.306458,-0.881066,-11.7268,-0.048629,-0.021583,-0.026913,1.747767,0.837971,-11.602302,0.018386,-0.059554,0.003198
2,85.0,190167,0.081403,-0.565032,-11.932701,-0.173467,0.061286,-0.059554,-0.454898,-1.493982,-11.314998,-0.149885,0.028911,-0.037704,-0.234632,-1.843535,-11.688493,-0.22556,0.067015,-0.03957,1.201889,-0.02873,-11.942278,-0.254205,0.048896,-0.036239
2,85.0,190236,0.565032,0.407014,-11.429919,-0.01359,-0.011724,-0.019452,-0.019154,-0.536301,-11.377247,-0.01732,0.021717,-0.015988,0.248997,-0.799663,-11.865664,-0.115645,-0.02225,-0.012124,1.541866,0.919373,-11.549629,-0.013856,-0.026113,0.017986
2,85.0,190305,0.656011,0.909797,-11.48738,0.064217,-0.019985,0.041835,0.316035,-0.019154,-11.348516,0.047963,0.022516,0.049962,0.488417,-0.062249,-11.63582,-0.131366,0.039037,0.052493,1.613692,1.484405,-11.453861,0.016787,0.07874,0.091796
2,85.0,190374,0.770933,0.861913,-11.310209,0.130034,-0.053026,0.016787,0.339977,-0.105345,-11.33894,0.079939,0.037038,0.00826,0.54109,-0.181959,-11.736377,-0.266063,0.093262,0.023315,1.747767,1.254562,-11.27669,0.192652,-0.005462,0.079006
2,85.0,190443,0.871489,0.038307,-11.865664,0.003997,-0.031043,-0.027446,0.272939,-0.876278,-11.233594,-0.013456,0.020651,-0.029178,0.483629,-1.015141,-11.57836,-0.130167,-0.100723,-0.017054,1.991976,0.311246,-11.870452,0.044899,-0.31749,-0.013456
2,85.0,190512,0.919373,0.397437,-11.563994,-0.048763,0.020784,-0.048896,0.234632,-0.56982,-11.429919,-0.055025,0.034507,-0.051427,0.311246,-0.703895,-11.81778,-0.111515,-0.150685,-0.03464,1.35033,0.483629,-11.559206,0.026779,-0.621257,-0.034773
2,85.0,190581,0.823605,0.967257,-11.645397,0.033574,0.062352,-0.030243,0.54109,0.023942,-11.377247,0.016121,0.0437,-0.038504,0.612916,0.3304,-11.832145,-0.165873,0.014256,-0.022916,0.833182,1.474828,-11.870452,0.173067,-1.064784,0.003198
2,85.0,190650,0.584185,0.387861,-9.509769,0.012657,-0.054492,0.321087,-0.043096,-0.435745,-11.113884,-0.00866,-0.005729,0.318956,-0.09098,-0.474052,-11.908759,-0.136429,0.096593,0.318156,0.205901,0.196325,-10.702082,0.139093,-0.095926,0.346801
2,85.0,190719,0.59855,0.114922,-11.60709,0.005462,-0.000133,-0.031176,0.09098,-0.770933,-11.113884,-0.007194,0.016387,-0.035306,0.229843,-0.426168,-11.568783,-0.062352,-0.002531,-0.020784,0.186748,0.277727,-11.669339,-0.008926,-0.046631,-0.000133
2,85.0,190788,0.790087,0.402226,-11.568783,0.001199,-0.002931,-0.031309,0.11971,-0.507571,-11.348516,-0.015188,0.017187,-0.033708,0.244209,-0.320823,-11.731588,-0.055158,-0.003997,-0.019985,0.354342,0.392649,-11.602302,-0.019718,-0.029311,-0.003464
2,85.0,190857,0.80924,0.426168,-11.573571,0.001732,-0.00493,-0.032242,0.186748,-0.497994,-11.324574,-0.014256,0.015588,-0.033974,0.296881,-0.263362,-11.717223,-0.050894,-0.00413,-0.020251,0.368707,0.440533,-11.626244,-0.024115,-0.023715,-0.004663
2,85.0,190926,0.814029,0.383072,-11.587936,0.001865,-0.003331,-0.030776,0.186748,-0.54109,-11.314998,-0.013856,0.015721,-0.033974,0.349553,-0.320823,-11.683704,-0.048629,-0.005063,-0.019851,0.368707,0.373495,-11.611878,-0.023049,-0.019985,-0.003198
2,85.0,190995,0.785298,0.387861,-11.626244,-0.000666,0.003597,-0.029977,0.162806,-0.517148,-11.33894,-0.014922,0.015322,-0.032642,0.277727,-0.306458,-11.69807,-0.048363,-0.007061,-0.018386,0.306458,0.416591,-11.631032,-0.03424,-0.041035,-0.002265
2,85.0,191064,0.751779,0.416591,-11.592725,0.000266,-0.00453,-0.031975,0.148441,-0.497994,-11.319786,-0.014655,0.015855,-0.03504,0.263362,-0.277727,-11.722012,-0.046897,-0.005063,-0.019985,0.301669,0.42138,-11.63582,-0.026646,-0.015455,-0.004397
2,85.0,191133,0.746991,0.402226,-11.544841,0.001066,-0.005995,-0.025181,0.138864,-0.521936,-11.310209,-0.013456,0.014256,-0.027712,0.272939,-0.268151,-11.693281,-0.046897,-0.005862,-0.012923,0.258574,0.407014,-11.631032,-0.024781,-0.013456,0.002931
